lag_1,lag_7,rolling_mean_7,rolling_std_7,day,month,year,weekday,weekofyear,is_weekend,y_true,y_pred
155.0,95.0,136.42857142857142,22.307376529279438,12,1,2026,0,3,0,165,141.5
165.0,130.0,146.42857142857142,15.19711752117421,13,1,2026,1,3,0,170,142.3
170.0,125.0,152.14285714285714,15.507294750413092,14,1,2026,2,3,0,180,142.2
